tick,Popularity of white daisy,Popularity of grey daisy,Popularity of black daisy,Global temperature
2,4,5,4,0.56396085
3,4,5,4,0.5670806
4,4,5,4,0.56724
5,4,4,3,0.5672494
6,4,4,3,0.5548878
7,4,4,3,0.5545545
8,4,4,3,0.55454355
9,3,4,3,0.5545431
10,3,4,3,0.7174667
11,2,4,3,0.72301054
